id;title;decision_graduation;year_graduation;content;note;created_by;created_date;last_modified_by;last_modified_date
1;radical Market RAM;purple;5584;navigating;deposit;innovate;2023-05-03 04:34:51;Frozen Pizza Cotton;2023-05-02 22:14:35
2;TCP Pines;Market;1357;viral Organized;Orchestrator;Legacy 4th Small;2023-05-02 23:09:44;FTP Virginia;2023-05-03 01:51:58
3;Rubber;Concrete Isle generating;3558;Wyoming Sharable;Developer;PNG;2023-05-02 17:21:07;contingency azure;2023-05-02 17:19:58
4;parsing Fantastic Paradigm;scale;63856;pixel next-generation Chips;reboot Tasty;6th;2023-05-02 14:45:25;Som synergize Dinar;2023-05-03 03:34:37
5;Chicken up auxiliary;parsing compressing Streamlined;63773;deposit;functionalities multimedia regional;withdrawal;2023-05-02 12:20:02;system Agent;2023-05-02 11:01:07
6;Small Wisconsin;Romania Horizontal;5529;programming Soap;Mouse pixel Legacy;incentivize Cheese;2023-05-03 04:47:50;orange Village;2023-05-03 07:23:50
7;tertiary AGP Internal;Ergonomic array;82799;transition;Administrator;supply-chains haptic;2023-05-03 00:31:24;Kina Table;2023-05-03 04:36:33
8;cross-platform;cross-media Future Small;96177;International Unbranded Route;Texas Industrial;transmit monitor;2023-05-03 03:12:09;functionalities XSS overriding;2023-05-03 09:47:39
9;Inverse;discrete Group Maine;77348;Cambridgeshire;invoice Future;partnerships Handmade;2023-05-02 21:45:11;collaborative leading-edge Product;2023-05-02 16:23:32
10;Open-architected;Bangladesh;39176;Metal;analyzer Home Balanced;open-source;2023-05-02 14:46:27;1080p Lead;2023-05-03 02:58:56
