id;name;created_by;created_date;last_modified_by;last_modified_date
714;Khoa học giáo dục và đào tạo giáo viên;Incredible;2023-05-02 15:02:05;copying District Functionality;2023-05-02 15:02:05
71401;Khoa học giáo dục;Riel back-end;2023-05-02 15:02:05;Group initiatives;2023-05-02 15:02:05
7140101;Giáo dục học;driver Steel Integration;2023-05-02 15:02:05;Planner Principal;2023-05-02 15:02:05
7140114;Quản lý giáo dục;Guatemala Tuna neural;2023-05-02 15:02:05;protocol gold;2023-05-02 15:02:05
71402;Đào tạo giáo viên;Paradigm dynamic &;2023-05-02 15:02:05;Pizza Incredible;2023-05-02 15:02:05
7140201;Giáo dục Mầm non;17(E.U.A.-17) Tuna Berkshire;2023-05-02 15:02:05;HDD Consultant;2023-05-02 15:02:05
7140202;Giáo dục Tiểu học;Sleek Optimization Designer;2023-05-02 15:02:05;Ferry Utah Quality;2023-05-02 15:02:05
7140203;Giáo dục Đặc biệt;Card;2023-05-02 15:02:05;Hawaii Somalia;2023-05-02 15:02:05
7140204;Giáo dục Công dân;ADP intuitive e-commerce;2023-05-02 15:02:05;Krone pink reboot;2023-05-02 15:02:05
7140205;Giáo dục Chính trị;ADP intuitive e-commerce;2023-05-02 15:02:05;Krone pink reboot;2023-05-02 15:02:05
7140206;Giáo dục Thể chất;ADP intuitive e-commerce;2023-05-02 15:02:05;Krone pink reboot;2023-05-02 15:02:05
7140207;Huấn luyện thể thao;ADP intuitive e-commerce;2023-05-02 15:02:05;Krone pink reboot;2023-05-02 15:02:05
7140208;Giáo dục Quốc phòng - An ninh;ADP intuitive e-commerce;2023-05-02 15:02:05;Krone pink reboot;2023-05-02 15:02:05
7140209;Sư phạm Toán học;ADP intuitive e-commerce;2023-05-02 15:02:05;Krone pink reboot;2023-05-02 15:02:05
7140210;Sư phạm Tin học;ADP intuitive e-commerce;2023-05-02 15:02:05;Krone pink reboot;2023-05-02 15:02:05
7140211;Sư phạm Vật lý;ADP intuitive e-commerce;2023-05-02 15:02:05;Krone pink reboot;2023-05-02 15:02:05
7140212;Sư phạm Hoá học;ADP intuitive e-commerce;2023-05-02 15:02:05;Krone pink reboot;2023-05-02 15:02:05
7140213;Sư phạm Sinh học;ADP intuitive e-commerce;2023-05-02 15:02:05;Krone pink reboot;2023-05-02 15:02:05
7140214;Sư phạm Kỹ thuật công nghiệp;ADP intuitive e-commerce;2023-05-02 15:02:05;Krone pink reboot;2023-05-02 15:02:05
7140215;Sư phạm Kỹ thuật nông nghiệp;ADP intuitive e-commerce;2023-05-02 15:02:05;Krone pink reboot;2023-05-02 15:02:05
7140217;Sư phạm Ngữ văn;ADP intuitive e-commerce;2023-05-02 15:02:05;Krone pink reboot;2023-05-02 15:02:05
7140218;Sư phạm Lịch sử;ADP intuitive e-commerce;2023-05-02 15:02:05;Krone pink reboot;2023-05-02 15:02:05
7140219;Sư phạm Địa lý;ADP intuitive e-commerce;2023-05-02 15:02:05;Krone pink reboot;2023-05-02 15:02:05
7140221;Sư phạm Âm nhạc;ADP intuitive e-commerce;2023-05-02 15:02:05;Krone pink reboot;2023-05-02 15:02:05
7140222;Sư phạm Mỹ thuật;ADP intuitive e-commerce;2023-05-02 15:02:05;Krone pink reboot;2023-05-02 15:02:05
7140223;Sư phạm Tiếng Bana;ADP intuitive e-commerce;2023-05-02 15:02:05;Krone pink reboot;2023-05-02 15:02:05
7140224;Sư phạm Tiếng Êđê;ADP intuitive e-commerce;2023-05-02 15:02:05;Krone pink reboot;2023-05-02 15:02:05
7140225;Sư phạm Tiếng Jrai;ADP intuitive e-commerce;2023-05-02 15:02:05;Krone pink reboot;2023-05-02 15:02:05
7140226;Sư phạm Tiếng Khmer;ADP intuitive e-commerce;2023-05-02 15:02:05;Krone pink reboot;2023-05-02 15:02:05
7140227;Sư phạm Tiếng H'mong;ADP intuitive e-commerce;2023-05-02 15:02:05;Krone pink reboot;2023-05-02 15:02:05
7140228;Sư phạm Tiếng Chăm;ADP intuitive e-commerce;2023-05-02 15:02:05;Krone pink reboot;2023-05-02 15:02:05
7140229;Sư phạm Tiếng M'nông;ADP intuitive e-commerce;2023-05-02 15:02:05;Krone pink reboot;2023-05-02 15:02:05
7140230;Sư phạm Tiếng Xê đăng;ADP intuitive e-commerce;2023-05-02 15:02:05;Krone pink reboot;2023-05-02 15:02:05
7140231;Sư phạm Tiếng Anh;ADP intuitive e-commerce;2023-05-02 15:02:05;Krone pink reboot;2023-05-02 15:02:05
7140232;Sư phạm Tiếng Nga;ADP intuitive e-commerce;2023-05-02 15:02:05;Krone pink reboot;2023-05-02 15:02:05
7140233;Sư phạm Tiếng Pháp;ADP intuitive e-commerce;2023-05-02 15:02:05;Krone pink reboot;2023-05-02 15:02:05
7140234;Sư phạm Tiếng Trung Quốc;ADP intuitive e-commerce;2023-05-02 15:02:05;Krone pink reboot;2023-05-02 15:02:05
7140235;Sư phạm Tiếng Đức;ADP intuitive e-commerce;2023-05-02 15:02:05;Krone pink reboot;2023-05-02 15:02:05
7140236;Sư phạm Tiếng Nhật;ADP intuitive e-commerce;2023-05-02 15:02:05;Krone pink reboot;2023-05-02 15:02:05
7140237;Sư phạm Tiếng Hàn Quốc;ADP intuitive e-commerce;2023-05-02 15:02:05;Krone pink reboot;2023-05-02 15:02:05
7140245;Sư phạm nghệ thuật ;ADP intuitive e-commerce;2023-05-02 15:02:05;Krone pink reboot;2023-05-02 15:02:05
7140246;Sư phạm công nghệ;ADP intuitive e-commerce;2023-05-02 15:02:05;Krone pink reboot;2023-05-02 15:02:05
7140247;Sư phạm khoa học tự nhiên;ADP intuitive e-commerce;2023-05-02 15:02:05;Krone pink reboot;2023-05-02 15:02:05
7140248;Giáo dục pháp luật;ADP intuitive e-commerce;2023-05-02 15:02:05;Krone pink reboot;2023-05-02 15:02:05
71490;Khác;ADP intuitive e-commerce;2023-05-02 15:02:05;Krone pink reboot;2023-05-02 15:02:05
721;Nghệ thuật;ADP intuitive e-commerce;2023-05-02 15:02:05;Krone pink reboot;2023-05-02 15:02:05
72101;Mỹ thuật;ADP intuitive e-commerce;2023-05-02 15:02:05;Krone pink reboot;2023-05-02 15:02:05
7210101;Lý luận - lịch sử và phê bình mỹ thuật;ADP intuitive e-commerce;2023-05-02 15:02:05;Krone pink reboot;2023-05-02 15:02:05
7210103;Hội hoạ;ADP intuitive e-commerce;2023-05-02 15:02:05;Krone pink reboot;2023-05-02 15:02:05
7210104;Đồ hoạ;ADP intuitive e-commerce;2023-05-02 15:02:05;Krone pink reboot;2023-05-02 15:02:05
7210105;Điêu khắc;ADP intuitive e-commerce;2023-05-02 15:02:05;Krone pink reboot;2023-05-02 15:02:05
7210107;Gốm;ADP intuitive e-commerce;2023-05-02 15:02:05;Krone pink reboot;2023-05-02 15:02:05
7210110;Mỹ thuật đô thị ;ADP intuitive e-commerce;2023-05-02 15:02:05;Krone pink reboot;2023-05-02 15:02:05
72102;Nghệ thuật trình diễn;ADP intuitive e-commerce;2023-05-02 15:02:05;Krone pink reboot;2023-05-02 15:02:05
7210201;Âm nhạc học;ADP intuitive e-commerce;2023-05-02 15:02:05;Krone pink reboot;2023-05-02 15:02:05
7210203;Sáng tác âm nhạc;ADP intuitive e-commerce;2023-05-02 15:02:05;Krone pink reboot;2023-05-02 15:02:05
7210204;Chỉ huy âm nhạc;ADP intuitive e-commerce;2023-05-02 15:02:05;Krone pink reboot;2023-05-02 15:02:05
7210205;Thanh nhạc;ADP intuitive e-commerce;2023-05-02 15:02:05;Krone pink reboot;2023-05-02 15:02:05
7210207;Biểu diễn nhạc cụ phương tây;ADP intuitive e-commerce;2023-05-02 15:02:05;Krone pink reboot;2023-05-02 15:02:05
7210208;Piano;ADP intuitive e-commerce;2023-05-02 15:02:05;Krone pink reboot;2023-05-02 15:02:05
7210209;Nhạc Jazz;ADP intuitive e-commerce;2023-05-02 15:02:05;Krone pink reboot;2023-05-02 15:02:05
7210210;Biểu diễn nhạc cụ truyền thống;ADP intuitive e-commerce;2023-05-02 15:02:05;Krone pink reboot;2023-05-02 15:02:05
7210221;Lý luận - lịch sử và phê bình sân khấu;ADP intuitive e-commerce;2023-05-02 15:02:05;Krone pink reboot;2023-05-02 15:02:05
7210225;Biên kịch sân khấu;ADP intuitive e-commerce;2023-05-02 15:02:05;Krone pink reboot;2023-05-02 15:02:05
7210226;Diễn viên sân khấu kịch hát;ADP intuitive e-commerce;2023-05-02 15:02:05;Krone pink reboot;2023-05-02 15:02:05
7210227;Đạo diễn sân khấu;ADP intuitive e-commerce;2023-05-02 15:02:05;Krone pink reboot;2023-05-02 15:02:05
7210231;Lý luận - lịch sử và phê bình điện ảnh - truyền hình;ADP intuitive e-commerce;2023-05-02 15:02:05;Krone pink reboot;2023-05-02 15:02:05
7210233;Biên kịch điện ảnh - truyền hình;ADP intuitive e-commerce;2023-05-02 15:02:05;Krone pink reboot;2023-05-02 15:02:05
7210234;Diễn viên kịch - điện ảnh - truyền hình;ADP intuitive e-commerce;2023-05-02 15:02:05;Krone pink reboot;2023-05-02 15:02:05
7210235;Đạo diễn điện ảnh - truyền hình;ADP intuitive e-commerce;2023-05-02 15:02:05;Krone pink reboot;2023-05-02 15:02:05
7210236;Quay phim ;ADP intuitive e-commerce;2023-05-02 15:02:05;Krone pink reboot;2023-05-02 15:02:05
7210241;Lý luận - lịch sử và phê bình múa;ADP intuitive e-commerce;2023-05-02 15:02:05;Krone pink reboot;2023-05-02 15:02:05
7210242;Diễn viên múa;ADP intuitive e-commerce;2023-05-02 15:02:05;Krone pink reboot;2023-05-02 15:02:05
7210243;Biên đạo múa;ADP intuitive e-commerce;2023-05-02 15:02:05;Krone pink reboot;2023-05-02 15:02:05
7210244;Huấn luyện múa;ADP intuitive e-commerce;2023-05-02 15:02:05;Krone pink reboot;2023-05-02 15:02:05
72103;Nghệ thuật nghe nhìn;ADP intuitive e-commerce;2023-05-02 15:02:05;Krone pink reboot;2023-05-02 15:02:05
7210301;Nhiếp ảnh;ADP intuitive e-commerce;2023-05-02 15:02:05;Krone pink reboot;2023-05-02 15:02:05
7210302;Công nghệ điện ảnh - truyền hình;ADP intuitive e-commerce;2023-05-02 15:02:05;Krone pink reboot;2023-05-02 15:02:05
7210303;Thiết kế âm thanh - ánh sáng;ADP intuitive e-commerce;2023-05-02 15:02:05;Krone pink reboot;2023-05-02 15:02:05
72104;Mỹ thuật ứng dụng ;ADP intuitive e-commerce;2023-05-02 15:02:05;Krone pink reboot;2023-05-02 15:02:05
7210402;Thiết kế công nghiệp;ADP intuitive e-commerce;2023-05-02 15:02:05;Krone pink reboot;2023-05-02 15:02:05
7210403;Thiết kế đồ họa;ADP intuitive e-commerce;2023-05-02 15:02:05;Krone pink reboot;2023-05-02 15:02:05
7210404;Thiết kế thời trang;ADP intuitive e-commerce;2023-05-02 15:02:05;Krone pink reboot;2023-05-02 15:02:05
7210406;Thiết kế mỹ thuật sân khấu - điện ảnh;ADP intuitive e-commerce;2023-05-02 15:02:05;Krone pink reboot;2023-05-02 15:02:05
72190;Khác;ADP intuitive e-commerce;2023-05-02 15:02:05;Krone pink reboot;2023-05-02 15:02:05
722;Nhân văn;ADP intuitive e-commerce;2023-05-02 15:02:05;Krone pink reboot;2023-05-02 15:02:05
72201;Ngôn ngữ - văn học và văn hoá Việt Nam;ADP intuitive e-commerce;2023-05-02 15:02:05;Krone pink reboot;2023-05-02 15:02:05
7220101;Tiếng Việt và văn hoá Việt Nam;ADP intuitive e-commerce;2023-05-02 15:02:05;Krone pink reboot;2023-05-02 15:02:05
7220104;Hán Nôm;ADP intuitive e-commerce;2023-05-02 15:02:05;Krone pink reboot;2023-05-02 15:02:05
7220105;Ngôn ngữ Jrai;ADP intuitive e-commerce;2023-05-02 15:02:05;Krone pink reboot;2023-05-02 15:02:05
7220106;Ngôn ngữ Khmer;ADP intuitive e-commerce;2023-05-02 15:02:05;Krone pink reboot;2023-05-02 15:02:05
7220107;Ngôn ngữ H'mong;ADP intuitive e-commerce;2023-05-02 15:02:05;Krone pink reboot;2023-05-02 15:02:05
7220108;Ngôn ngữ Chăm;ADP intuitive e-commerce;2023-05-02 15:02:05;Krone pink reboot;2023-05-02 15:02:05
7220110;Sáng tác văn học;ADP intuitive e-commerce;2023-05-02 15:02:05;Krone pink reboot;2023-05-02 15:02:05
7220112;Văn hoá các dân tộc thiểu số Việt Nam;ADP intuitive e-commerce;2023-05-02 15:02:05;Krone pink reboot;2023-05-02 15:02:05
72202;Ngôn ngữ - văn học và văn hoá nước ngoài;ADP intuitive e-commerce;2023-05-02 15:02:05;Krone pink reboot;2023-05-02 15:02:05
7220201;Ngôn ngữ Anh;ADP intuitive e-commerce;2023-05-02 15:02:05;Krone pink reboot;2023-05-02 15:02:05
7220202;Ngôn ngữ Nga;ADP intuitive e-commerce;2023-05-02 15:02:05;Krone pink reboot;2023-05-02 15:02:05
7220203;Ngôn ngữ Pháp;ADP intuitive e-commerce;2023-05-02 15:02:05;Krone pink reboot;2023-05-02 15:02:05
7220204;Ngôn ngữ Trung Quốc;ADP intuitive e-commerce;2023-05-02 15:02:05;Krone pink reboot;2023-05-02 15:02:05
7220205;Ngôn ngữ Đức;ADP intuitive e-commerce;2023-05-02 15:02:05;Krone pink reboot;2023-05-02 15:02:05
7220206;Ngôn ngữ Tây Ban Nha;ADP intuitive e-commerce;2023-05-02 15:02:05;Krone pink reboot;2023-05-02 15:02:05
7220207;Ngôn ngữ Bồ Đào Nha;ADP intuitive e-commerce;2023-05-02 15:02:05;Krone pink reboot;2023-05-02 15:02:05
7220208;Ngôn ngữ Italia;ADP intuitive e-commerce;2023-05-02 15:02:05;Krone pink reboot;2023-05-02 15:02:05
7220209;Ngôn ngữ Nhật;ADP intuitive e-commerce;2023-05-02 15:02:05;Krone pink reboot;2023-05-02 15:02:05
7220210;Ngôn ngữ Hàn Quốc;ADP intuitive e-commerce;2023-05-02 15:02:05;Krone pink reboot;2023-05-02 15:02:05
7220211;Ngôn ngữ Ảrập;ADP intuitive e-commerce;2023-05-02 15:02:05;Krone pink reboot;2023-05-02 15:02:05
72290;Khác;ADP intuitive e-commerce;2023-05-02 15:02:05;Krone pink reboot;2023-05-02 15:02:05
7229001;Triết học;ADP intuitive e-commerce;2023-05-02 15:02:05;Krone pink reboot;2023-05-02 15:02:05
729008;Chủ nghĩa xã hội khoa học;ADP intuitive e-commerce;2023-05-02 15:02:05;Krone pink reboot;2023-05-02 15:02:05
7229009;Tôn giáo học;ADP intuitive e-commerce;2023-05-02 15:02:05;Krone pink reboot;2023-05-02 15:02:05
7229010;Lịch sử;ADP intuitive e-commerce;2023-05-02 15:02:05;Krone pink reboot;2023-05-02 15:02:05
7229020;Ngôn ngữ học;ADP intuitive e-commerce;2023-05-02 15:02:05;Krone pink reboot;2023-05-02 15:02:05
7229030;Văn học;ADP intuitive e-commerce;2023-05-02 15:02:05;Krone pink reboot;2023-05-02 15:02:05
7229040;Văn hoá học;ADP intuitive e-commerce;2023-05-02 15:02:05;Krone pink reboot;2023-05-02 15:02:05
7229042;Quản lý văn hoá;ADP intuitive e-commerce;2023-05-02 15:02:05;Krone pink reboot;2023-05-02 15:02:05
7229045;Gia đình học;ADP intuitive e-commerce;2023-05-02 15:02:05;Krone pink reboot;2023-05-02 15:02:05
731;Khoa học xã hội và hành vi;ADP intuitive e-commerce;2023-05-02 15:02:05;Krone pink reboot;2023-05-02 15:02:05
73101;Kinh tế học;ADP intuitive e-commerce;2023-05-02 15:02:05;Krone pink reboot;2023-05-02 15:02:05
7310101;Kinh tế;ADP intuitive e-commerce;2023-05-02 15:02:05;Krone pink reboot;2023-05-02 15:02:05
7310102;Kinh tế chính trị;ADP intuitive e-commerce;2023-05-02 15:02:05;Krone pink reboot;2023-05-02 15:02:05
7310104;Kinh tế đầu tư;ADP intuitive e-commerce;2023-05-02 15:02:05;Krone pink reboot;2023-05-02 15:02:05
7310105;Kinh tế phát triển;ADP intuitive e-commerce;2023-05-02 15:02:05;Krone pink reboot;2023-05-02 15:02:05
7310106;Kinh tế quốc tế;ADP intuitive e-commerce;2023-05-02 15:02:05;Krone pink reboot;2023-05-02 15:02:05
7310107;Thống kê kinh tế;ADP intuitive e-commerce;2023-05-02 15:02:05;Krone pink reboot;2023-05-02 15:02:05
7310108;Toán kinh tế;ADP intuitive e-commerce;2023-05-02 15:02:05;Krone pink reboot;2023-05-02 15:02:05
73102;Khoa học chính trị;ADP intuitive e-commerce;2023-05-02 15:02:05;Krone pink reboot;2023-05-02 15:02:05
7310201;Chính trị học;ADP intuitive e-commerce;2023-05-02 15:02:05;Krone pink reboot;2023-05-02 15:02:05
7310202;Xây dựng Đảng và chính quyền nhà nước;ADP intuitive e-commerce;2023-05-02 15:02:05;Krone pink reboot;2023-05-02 15:02:05
7310205;Quản lý nhà nước;ADP intuitive e-commerce;2023-05-02 15:02:05;Krone pink reboot;2023-05-02 15:02:05
7310206;Quan hệ quốc tế;ADP intuitive e-commerce;2023-05-02 15:02:05;Krone pink reboot;2023-05-02 15:02:05
73103;Xã hội học và Nhân học;ADP intuitive e-commerce;2023-05-02 15:02:05;Krone pink reboot;2023-05-02 15:02:05
7310301;Xã hội học;ADP intuitive e-commerce;2023-05-02 15:02:05;Krone pink reboot;2023-05-02 15:02:05
7310302;Nhân học;ADP intuitive e-commerce;2023-05-02 15:02:05;Krone pink reboot;2023-05-02 15:02:05
73104;Tâm lý học;ADP intuitive e-commerce;2023-05-02 15:02:05;Krone pink reboot;2023-05-02 15:02:05
7310401;Tâm lý học;ADP intuitive e-commerce;2023-05-02 15:02:05;Krone pink reboot;2023-05-02 15:02:05
7310403;Tâm lý học giáo dục;ADP intuitive e-commerce;2023-05-02 15:02:05;Krone pink reboot;2023-05-02 15:02:05
73105;Địa lý học;ADP intuitive e-commerce;2023-05-02 15:02:05;Krone pink reboot;2023-05-02 15:02:05
7310501;Địa lý học;ADP intuitive e-commerce;2023-05-02 15:02:05;Krone pink reboot;2023-05-02 15:02:05
73106;Khu vực học;ADP intuitive e-commerce;2023-05-02 15:02:05;Krone pink reboot;2023-05-02 15:02:05
7310601;Quốc tế học;ADP intuitive e-commerce;2023-05-02 15:02:05;Krone pink reboot;2023-05-02 15:02:05
7310602;Châu Á học;ADP intuitive e-commerce;2023-05-02 15:02:05;Krone pink reboot;2023-05-02 15:02:05
7310607;Thái Bình Dương học;ADP intuitive e-commerce;2023-05-02 15:02:05;Krone pink reboot;2023-05-02 15:02:05
7310608;Đông phương học;ADP intuitive e-commerce;2023-05-02 15:02:05;Krone pink reboot;2023-05-02 15:02:05
7310612;Trung Quốc học;ADP intuitive e-commerce;2023-05-02 15:02:05;Krone pink reboot;2023-05-02 15:02:05
7310613;Nhật Bản học;ADP intuitive e-commerce;2023-05-02 15:02:05;Krone pink reboot;2023-05-02 15:02:05
7310614;Hàn Quốc học;ADP intuitive e-commerce;2023-05-02 15:02:05;Krone pink reboot;2023-05-02 15:02:05
7310620;Đông Nam Á học;ADP intuitive e-commerce;2023-05-02 15:02:05;Krone pink reboot;2023-05-02 15:02:05
7310630;Việt Nam học;ADP intuitive e-commerce;2023-05-02 15:02:05;Krone pink reboot;2023-05-02 15:02:05
73190;Khác;ADP intuitive e-commerce;2023-05-02 15:02:05;Krone pink reboot;2023-05-02 15:02:05
732;Báo chí và thông tin;ADP intuitive e-commerce;2023-05-02 15:02:05;Krone pink reboot;2023-05-02 15:02:05
73201;Báo chí và truyền thông;ADP intuitive e-commerce;2023-05-02 15:02:05;Krone pink reboot;2023-05-02 15:02:05
7320101;Báo chí;ADP intuitive e-commerce;2023-05-02 15:02:05;Krone pink reboot;2023-05-02 15:02:05
7320104;Truyền thông đa phương tiện;ADP intuitive e-commerce;2023-05-02 15:02:05;Krone pink reboot;2023-05-02 15:02:05
7320105;Truyền thông đại chúng;ADP intuitive e-commerce;2023-05-02 15:02:05;Krone pink reboot;2023-05-02 15:02:05
7320106;Công nghệ truyền thông;ADP intuitive e-commerce;2023-05-02 15:02:05;Krone pink reboot;2023-05-02 15:02:05
7320107;Truyền thông quốc tế;ADP intuitive e-commerce;2023-05-02 15:02:05;Krone pink reboot;2023-05-02 15:02:05
7320108;Quan hệ công chúng;ADP intuitive e-commerce;2023-05-02 15:02:05;Krone pink reboot;2023-05-02 15:02:05
73202;Thông tin - Thư viện;ADP intuitive e-commerce;2023-05-02 15:02:05;Krone pink reboot;2023-05-02 15:02:05
7320201;Thông tin - thư viện ;ADP intuitive e-commerce;2023-05-02 15:02:05;Krone pink reboot;2023-05-02 15:02:05
7320205;Quản lý thông tin;ADP intuitive e-commerce;2023-05-02 15:02:05;Krone pink reboot;2023-05-02 15:02:05
73203;Văn thư - Lưu trữ - Bảo tàng ;ADP intuitive e-commerce;2023-05-02 15:02:05;Krone pink reboot;2023-05-02 15:02:05
7320303;Lưu trữ học;ADP intuitive e-commerce;2023-05-02 15:02:05;Krone pink reboot;2023-05-02 15:02:05
7320305;Bảo tàng học;ADP intuitive e-commerce;2023-05-02 15:02:05;Krone pink reboot;2023-05-02 15:02:05
73204;Xuất bản - Phát hành;ADP intuitive e-commerce;2023-05-02 15:02:05;Krone pink reboot;2023-05-02 15:02:05
7320401;Xuất bản;ADP intuitive e-commerce;2023-05-02 15:02:05;Krone pink reboot;2023-05-02 15:02:05
7320402;Kinh doanh xuất bản phẩm;ADP intuitive e-commerce;2023-05-02 15:02:05;Krone pink reboot;2023-05-02 15:02:05
73290;Khác;ADP intuitive e-commerce;2023-05-02 15:02:05;Krone pink reboot;2023-05-02 15:02:05
734;Kinh doanh và quản lý;ADP intuitive e-commerce;2023-05-02 15:02:05;Krone pink reboot;2023-05-02 15:02:05
73401;Kinh doanh;ADP intuitive e-commerce;2023-05-02 15:02:05;Krone pink reboot;2023-05-02 15:02:05
7340101;Quản trị kinh doanh;ADP intuitive e-commerce;2023-05-02 15:02:05;Krone pink reboot;2023-05-02 15:02:05
7340115;Marketing;ADP intuitive e-commerce;2023-05-02 15:02:05;Krone pink reboot;2023-05-02 15:02:05
7340116;Bất động sản;ADP intuitive e-commerce;2023-05-02 15:02:05;Krone pink reboot;2023-05-02 15:02:05
7340120;Kinh doanh quốc tế ;ADP intuitive e-commerce;2023-05-02 15:02:05;Krone pink reboot;2023-05-02 15:02:05
7340121;Kinh doanh thương mại;ADP intuitive e-commerce;2023-05-02 15:02:05;Krone pink reboot;2023-05-02 15:02:05
7340122;Thương mại điện tử;ADP intuitive e-commerce;2023-05-02 15:02:05;Krone pink reboot;2023-05-02 15:02:05
7340123;Kinh doanh thời trang và dệt may;ADP intuitive e-commerce;2023-05-02 15:02:05;Krone pink reboot;2023-05-02 15:02:05
73402;Tài chính – Ngân hàng – Bảo hiểm;ADP intuitive e-commerce;2023-05-02 15:02:05;Krone pink reboot;2023-05-02 15:02:05
7340201;Tài chính – Ngân hàng;ADP intuitive e-commerce;2023-05-02 15:02:05;Krone pink reboot;2023-05-02 15:02:05
7340204;Bảo hiểm;ADP intuitive e-commerce;2023-05-02 15:02:05;Krone pink reboot;2023-05-02 15:02:05
73403;Kế toán – Kiểm toán;ADP intuitive e-commerce;2023-05-02 15:02:05;Krone pink reboot;2023-05-02 15:02:05
7340301;Kế toán;ADP intuitive e-commerce;2023-05-02 15:02:05;Krone pink reboot;2023-05-02 15:02:05
7340302;Kiểm toán;ADP intuitive e-commerce;2023-05-02 15:02:05;Krone pink reboot;2023-05-02 15:02:05
73404;Quản trị – Quản lý;ADP intuitive e-commerce;2023-05-02 15:02:05;Krone pink reboot;2023-05-02 15:02:05
7340401;Khoa học quản lý;ADP intuitive e-commerce;2023-05-02 15:02:05;Krone pink reboot;2023-05-02 15:02:05
7340403;Quản lý công;ADP intuitive e-commerce;2023-05-02 15:02:05;Krone pink reboot;2023-05-02 15:02:05
7340404;Quản trị nhân lực;ADP intuitive e-commerce;2023-05-02 15:02:05;Krone pink reboot;2023-05-02 15:02:05
7340405;Hệ thống thông tin quản lý ;ADP intuitive e-commerce;2023-05-02 15:02:05;Krone pink reboot;2023-05-02 15:02:05
7340406;Quản trị văn phòng;ADP intuitive e-commerce;2023-05-02 15:02:05;Krone pink reboot;2023-05-02 15:02:05
7340408;Quan hệ lao động;ADP intuitive e-commerce;2023-05-02 15:02:05;Krone pink reboot;2023-05-02 15:02:05
7340409;Quản lý dự  án;ADP intuitive e-commerce;2023-05-02 15:02:05;Krone pink reboot;2023-05-02 15:02:05
73490;Khác;ADP intuitive e-commerce;2023-05-02 15:02:05;Krone pink reboot;2023-05-02 15:02:05
738;Pháp luật;ADP intuitive e-commerce;2023-05-02 15:02:05;Krone pink reboot;2023-05-02 15:02:05
73801;Luật;ADP intuitive e-commerce;2023-05-02 15:02:05;Krone pink reboot;2023-05-02 15:02:05
7380101;Luật;ADP intuitive e-commerce;2023-05-02 15:02:05;Krone pink reboot;2023-05-02 15:02:05
7380102;Luật hiến pháp và luật hành chính;ADP intuitive e-commerce;2023-05-02 15:02:05;Krone pink reboot;2023-05-02 15:02:05
7380103;Luật dân sự và tố tụng dân sự;ADP intuitive e-commerce;2023-05-02 15:02:05;Krone pink reboot;2023-05-02 15:02:05
7380104;Luật hình sự và tố tụng hình sự;ADP intuitive e-commerce;2023-05-02 15:02:05;Krone pink reboot;2023-05-02 15:02:05
7380107;Luật kinh tế;ADP intuitive e-commerce;2023-05-02 15:02:05;Krone pink reboot;2023-05-02 15:02:05
7380108;Luật quốc tế;ADP intuitive e-commerce;2023-05-02 15:02:05;Krone pink reboot;2023-05-02 15:02:05
73890;Khác;ADP intuitive e-commerce;2023-05-02 15:02:05;Krone pink reboot;2023-05-02 15:02:05
742;Khoa học sự sống;ADP intuitive e-commerce;2023-05-02 15:02:05;Krone pink reboot;2023-05-02 15:02:05
74201;Sinh học;ADP intuitive e-commerce;2023-05-02 15:02:05;Krone pink reboot;2023-05-02 15:02:05
7420101;Sinh học;ADP intuitive e-commerce;2023-05-02 15:02:05;Krone pink reboot;2023-05-02 15:02:05
74202;Sinh học ứng dụng;ADP intuitive e-commerce;2023-05-02 15:02:05;Krone pink reboot;2023-05-02 15:02:05
7420201;Công nghệ sinh học;ADP intuitive e-commerce;2023-05-02 15:02:05;Krone pink reboot;2023-05-02 15:02:05
7420202;Kỹ thuật sinh học;ADP intuitive e-commerce;2023-05-02 15:02:05;Krone pink reboot;2023-05-02 15:02:05
7420203;Sinh học ứng dụng;ADP intuitive e-commerce;2023-05-02 15:02:05;Krone pink reboot;2023-05-02 15:02:05
74290;Khác;ADP intuitive e-commerce;2023-05-02 15:02:05;Krone pink reboot;2023-05-02 15:02:05
744;Khoa học tự nhiên;ADP intuitive e-commerce;2023-05-02 15:02:05;Krone pink reboot;2023-05-02 15:02:05
74401;Khoa học vật chất;ADP intuitive e-commerce;2023-05-02 15:02:05;Krone pink reboot;2023-05-02 15:02:05
7440101;Thiên văn học;ADP intuitive e-commerce;2023-05-02 15:02:05;Krone pink reboot;2023-05-02 15:02:05
7440102;Vật lý học;ADP intuitive e-commerce;2023-05-02 15:02:05;Krone pink reboot;2023-05-02 15:02:05
7440106;Vật lý nguyên tử và hạt nhân;ADP intuitive e-commerce;2023-05-02 15:02:05;Krone pink reboot;2023-05-02 15:02:05
7440110;Cơ học;ADP intuitive e-commerce;2023-05-02 15:02:05;Krone pink reboot;2023-05-02 15:02:05
7440112;Hoá học;ADP intuitive e-commerce;2023-05-02 15:02:05;Krone pink reboot;2023-05-02 15:02:05
7440122;Khoa học vật liệu;ADP intuitive e-commerce;2023-05-02 15:02:05;Krone pink reboot;2023-05-02 15:02:05
74402;Khoa học trái đất;ADP intuitive e-commerce;2023-05-02 15:02:05;Krone pink reboot;2023-05-02 15:02:05
7440201;Địa chất học;ADP intuitive e-commerce;2023-05-02 15:02:05;Krone pink reboot;2023-05-02 15:02:05
7440212;Bản đồ học;ADP intuitive e-commerce;2023-05-02 15:02:05;Krone pink reboot;2023-05-02 15:02:05
7440217;Địa lý tự nhiênkỹ thuật;ADP intuitive e-commerce;2023-05-02 15:02:05;Krone pink reboot;2023-05-02 15:02:05
7440221;Khí tượng và khí hậu học;ADP intuitive e-commerce;2023-05-02 15:02:05;Krone pink reboot;2023-05-02 15:02:05
7440224;Thuỷ văn học;ADP intuitive e-commerce;2023-05-02 15:02:05;Krone pink reboot;2023-05-02 15:02:05
7440228;Hải dương học;ADP intuitive e-commerce;2023-05-02 15:02:05;Krone pink reboot;2023-05-02 15:02:05
74403;Khoa học môi trường;ADP intuitive e-commerce;2023-05-02 15:02:05;Krone pink reboot;2023-05-02 15:02:05
7440301;Khoa học môi trường;ADP intuitive e-commerce;2023-05-02 15:02:05;Krone pink reboot;2023-05-02 15:02:05
74490;Khác;ADP intuitive e-commerce;2023-05-02 15:02:05;Krone pink reboot;2023-05-02 15:02:05
746;Toán và thống kê;ADP intuitive e-commerce;2023-05-02 15:02:05;Krone pink reboot;2023-05-02 15:02:05
74601;Toán học;ADP intuitive e-commerce;2023-05-02 15:02:05;Krone pink reboot;2023-05-02 15:02:05
7460101;Toán học;ADP intuitive e-commerce;2023-05-02 15:02:05;Krone pink reboot;2023-05-02 15:02:05
7460107;Khoa học tính toán;ADP intuitive e-commerce;2023-05-02 15:02:05;Krone pink reboot;2023-05-02 15:02:05
7460112;Toán ứng dụng;ADP intuitive e-commerce;2023-05-02 15:02:05;Krone pink reboot;2023-05-02 15:02:05
7460115;Toán cơ;ADP intuitive e-commerce;2023-05-02 15:02:05;Krone pink reboot;2023-05-02 15:02:05
7460117;Toán tin;ADP intuitive e-commerce;2023-05-02 15:02:05;Krone pink reboot;2023-05-02 15:02:05
74602;Thống kê;ADP intuitive e-commerce;2023-05-02 15:02:05;Krone pink reboot;2023-05-02 15:02:05
7460201;Thống kê;ADP intuitive e-commerce;2023-05-02 15:02:05;Krone pink reboot;2023-05-02 15:02:05
74690;Khác;ADP intuitive e-commerce;2023-05-02 15:02:05;Krone pink reboot;2023-05-02 15:02:05
748;Máy tính và công nghệ thông tin;ADP intuitive e-commerce;2023-05-02 15:02:05;Krone pink reboot;2023-05-02 15:02:05
74801;Máy tính;ADP intuitive e-commerce;2023-05-02 15:02:05;Krone pink reboot;2023-05-02 15:02:05
7480101;Khoa học máy tính;ADP intuitive e-commerce;2023-05-02 15:02:05;Krone pink reboot;2023-05-02 15:02:05
7480102;Mạng máy tính và truyền thông dữ liệu;ADP intuitive e-commerce;2023-05-02 15:02:05;Krone pink reboot;2023-05-02 15:02:05
7480103;Kỹ thuật phần mềm;ADP intuitive e-commerce;2023-05-02 15:02:05;Krone pink reboot;2023-05-02 15:02:05
7480104;Hệ thống thông tin;ADP intuitive e-commerce;2023-05-02 15:02:05;Krone pink reboot;2023-05-02 15:02:05
7480106;Kỹ thuật máy tính;ADP intuitive e-commerce;2023-05-02 15:02:05;Krone pink reboot;2023-05-02 15:02:05
7480108;Công nghệ kỹ thuật máy tính;ADP intuitive e-commerce;2023-05-02 15:02:05;Krone pink reboot;2023-05-02 15:02:05
74802;Công nghệ thông tin;ADP intuitive e-commerce;2023-05-02 15:02:05;Krone pink reboot;2023-05-02 15:02:05
7480201;Công nghệ thông tin;ADP intuitive e-commerce;2023-05-02 15:02:05;Krone pink reboot;2023-05-02 15:02:05
7480202;An toàn thông tin;ADP intuitive e-commerce;2023-05-02 15:02:05;Krone pink reboot;2023-05-02 15:02:05
74890;Khác;ADP intuitive e-commerce;2023-05-02 15:02:05;Krone pink reboot;2023-05-02 15:02:05
751;Công nghệ kỹ thuật;ADP intuitive e-commerce;2023-05-02 15:02:05;Krone pink reboot;2023-05-02 15:02:05
75101;Công nghệ kỹ thuật kiến trúc và công trình xây dựng;ADP intuitive e-commerce;2023-05-02 15:02:05;Krone pink reboot;2023-05-02 15:02:05
7510101;Công nghệ kỹ thuật kiến trúc ;ADP intuitive e-commerce;2023-05-02 15:02:05;Krone pink reboot;2023-05-02 15:02:05
7510102;Công nghệ kỹ thuật công trình xây dựng;ADP intuitive e-commerce;2023-05-02 15:02:05;Krone pink reboot;2023-05-02 15:02:05
7510103;Công nghệ kỹ thuật xây dựng ;ADP intuitive e-commerce;2023-05-02 15:02:05;Krone pink reboot;2023-05-02 15:02:05
7510104;Công nghệ kỹ thuật giao thông;ADP intuitive e-commerce;2023-05-02 15:02:05;Krone pink reboot;2023-05-02 15:02:05
7510105;Công nghệ kỹ thuật vật liệu xây dựng;ADP intuitive e-commerce;2023-05-02 15:02:05;Krone pink reboot;2023-05-02 15:02:05
75102;Công nghệ kỹ thuật cơ khí;ADP intuitive e-commerce;2023-05-02 15:02:05;Krone pink reboot;2023-05-02 15:02:05
7510201;Công nghệ kỹ thuật cơ khí;ADP intuitive e-commerce;2023-05-02 15:02:05;Krone pink reboot;2023-05-02 15:02:05
7510202;Công nghệ chế tạo máy;ADP intuitive e-commerce;2023-05-02 15:02:05;Krone pink reboot;2023-05-02 15:02:05
7510203;Công nghệ kỹ thuật cơ điện tử;ADP intuitive e-commerce;2023-05-02 15:02:05;Krone pink reboot;2023-05-02 15:02:05
7510205;Công nghệ kỹ thuật ô tô;ADP intuitive e-commerce;2023-05-02 15:02:05;Krone pink reboot;2023-05-02 15:02:05
7510206;Công nghệ kỹ thuật nhiệt;ADP intuitive e-commerce;2023-05-02 15:02:05;Krone pink reboot;2023-05-02 15:02:05
7510207;Công nghệ kỹ thuật tàu thủy;ADP intuitive e-commerce;2023-05-02 15:02:05;Krone pink reboot;2023-05-02 15:02:05
7510211;Bảo dưỡng công nghiệp;ADP intuitive e-commerce;2023-05-02 15:02:05;Krone pink reboot;2023-05-02 15:02:05
75103;Công nghệ kỹ thuật điện - điện tử và viễn thông;ADP intuitive e-commerce;2023-05-02 15:02:05;Krone pink reboot;2023-05-02 15:02:05
7510301;Công nghệ kỹ thuật điện - điện tử;ADP intuitive e-commerce;2023-05-02 15:02:05;Krone pink reboot;2023-05-02 15:02:05
7510302;Công nghệ kỹ thuật điện tử - viễn thông;ADP intuitive e-commerce;2023-05-02 15:02:05;Krone pink reboot;2023-05-02 15:02:05
7510303;Công nghệ kỹ thuật điều khiển và tự động hóa;ADP intuitive e-commerce;2023-05-02 15:02:05;Krone pink reboot;2023-05-02 15:02:05
75104;Công nghệ hoá học - vật liệu - luyện kim và môi trường;ADP intuitive e-commerce;2023-05-02 15:02:05;Krone pink reboot;2023-05-02 15:02:05
7510401;Công nghệ kỹ thuật hoá học;ADP intuitive e-commerce;2023-05-02 15:02:05;Krone pink reboot;2023-05-02 15:02:05
7510402;Công nghệ vật liệu;ADP intuitive e-commerce;2023-05-02 15:02:05;Krone pink reboot;2023-05-02 15:02:05
7510406;Công nghệ kỹ thuật môi trường;ADP intuitive e-commerce;2023-05-02 15:02:05;Krone pink reboot;2023-05-02 15:02:05
7510407;Công nghệ kỹ thuật hạt nhân;ADP intuitive e-commerce;2023-05-02 15:02:05;Krone pink reboot;2023-05-02 15:02:05
75106;Quản lý công nghiệp;ADP intuitive e-commerce;2023-05-02 15:02:05;Krone pink reboot;2023-05-02 15:02:05
7510601;Quản lý công nghiệp;ADP intuitive e-commerce;2023-05-02 15:02:05;Krone pink reboot;2023-05-02 15:02:05
7510604;Kinh tế công nghiệp;ADP intuitive e-commerce;2023-05-02 15:02:05;Krone pink reboot;2023-05-02 15:02:05
7510605;Logistics và Quản lý chuỗi cung ứng;ADP intuitive e-commerce;2023-05-02 15:02:05;Krone pink reboot;2023-05-02 15:02:05
75107;Công nghệ dầu khí và khai thác ;ADP intuitive e-commerce;2023-05-02 15:02:05;Krone pink reboot;2023-05-02 15:02:05
7510701;Công nghệ dầu khí và khai thác dầu;ADP intuitive e-commerce;2023-05-02 15:02:05;Krone pink reboot;2023-05-02 15:02:05
75108;Công nghệ kỹ thuật in;ADP intuitive e-commerce;2023-05-02 15:02:05;Krone pink reboot;2023-05-02 15:02:05
7510801;Công nghệ kỹ thuật in;ADP intuitive e-commerce;2023-05-02 15:02:05;Krone pink reboot;2023-05-02 15:02:05
75190;Khác;ADP intuitive e-commerce;2023-05-02 15:02:05;Krone pink reboot;2023-05-02 15:02:05
752;Kỹ thuật;ADP intuitive e-commerce;2023-05-02 15:02:05;Krone pink reboot;2023-05-02 15:02:05
75201;Kỹ thuật cơ khí và cơ kỹ thuật;ADP intuitive e-commerce;2023-05-02 15:02:05;Krone pink reboot;2023-05-02 15:02:05
7520101;Cơ kỹ thuật ;ADP intuitive e-commerce;2023-05-02 15:02:05;Krone pink reboot;2023-05-02 15:02:05
7520103;Kỹ thuật cơ khí;ADP intuitive e-commerce;2023-05-02 15:02:05;Krone pink reboot;2023-05-02 15:02:05
7520114;Kỹ thuật cơ điện tử;ADP intuitive e-commerce;2023-05-02 15:02:05;Krone pink reboot;2023-05-02 15:02:05
7520115;Kỹ thuật nhiệt;ADP intuitive e-commerce;2023-05-02 15:02:05;Krone pink reboot;2023-05-02 15:02:05
7520116;Kỹ thuật cơ khí động lực;ADP intuitive e-commerce;2023-05-02 15:02:05;Krone pink reboot;2023-05-02 15:02:05
7520117;Kỹ thuật công nghiệp;ADP intuitive e-commerce;2023-05-02 15:02:05;Krone pink reboot;2023-05-02 15:02:05
7520118;Kỹ thuật hệ thống công nghiệp;ADP intuitive e-commerce;2023-05-02 15:02:05;Krone pink reboot;2023-05-02 15:02:05
7520120;Kỹ thuật hàng không;ADP intuitive e-commerce;2023-05-02 15:02:05;Krone pink reboot;2023-05-02 15:02:05
7520121;Kỹ thuật không gian;ADP intuitive e-commerce;2023-05-02 15:02:05;Krone pink reboot;2023-05-02 15:02:05
7520122;Kỹ thuật tàu thuỷ;ADP intuitive e-commerce;2023-05-02 15:02:05;Krone pink reboot;2023-05-02 15:02:05
7520130;Kỹ thuật ô tô;ADP intuitive e-commerce;2023-05-02 15:02:05;Krone pink reboot;2023-05-02 15:02:05
7520137;Kỹ thuật in;ADP intuitive e-commerce;2023-05-02 15:02:05;Krone pink reboot;2023-05-02 15:02:05
75202;Kỹ thuật điện - điện tử và viễn thông;ADP intuitive e-commerce;2023-05-02 15:02:05;Krone pink reboot;2023-05-02 15:02:05
7520201;Kỹ thuật điện;ADP intuitive e-commerce;2023-05-02 15:02:05;Krone pink reboot;2023-05-02 15:02:05
7520204;Kỹ thuật ra đa- dẫn đường;ADP intuitive e-commerce;2023-05-02 15:02:05;Krone pink reboot;2023-05-02 15:02:05
7520205;Kỹ thuật thuỷ âm;ADP intuitive e-commerce;2023-05-02 15:02:05;Krone pink reboot;2023-05-02 15:02:05
7520207;Kỹ thuật điện tử -  viễn thông;ADP intuitive e-commerce;2023-05-02 15:02:05;Krone pink reboot;2023-05-02 15:02:05
7520212;Kỹ thuật y sinh;ADP intuitive e-commerce;2023-05-02 15:02:05;Krone pink reboot;2023-05-02 15:02:05
7520216;Kỹ thuật điều khiển và tự động hoá;ADP intuitive e-commerce;2023-05-02 15:02:05;Krone pink reboot;2023-05-02 15:02:05
75203;Kỹ thuật hoá học - vật liệu - luyện kim và môi trường;ADP intuitive e-commerce;2023-05-02 15:02:05;Krone pink reboot;2023-05-02 15:02:05
7520301;Kỹ thuật hoá học;ADP intuitive e-commerce;2023-05-02 15:02:05;Krone pink reboot;2023-05-02 15:02:05
7520309;Kỹ thuật vật liệu ;ADP intuitive e-commerce;2023-05-02 15:02:05;Krone pink reboot;2023-05-02 15:02:05
7520310;Kỹ thuật vật liệu kim loại;ADP intuitive e-commerce;2023-05-02 15:02:05;Krone pink reboot;2023-05-02 15:02:05
7520312;Kỹ thuật dệt;ADP intuitive e-commerce;2023-05-02 15:02:05;Krone pink reboot;2023-05-02 15:02:05
7520320;Kỹ thuật môi trường;ADP intuitive e-commerce;2023-05-02 15:02:05;Krone pink reboot;2023-05-02 15:02:05
75204;Vật lý kỹ thuật;ADP intuitive e-commerce;2023-05-02 15:02:05;Krone pink reboot;2023-05-02 15:02:05
7520401;Vật lý kỹ thuật;ADP intuitive e-commerce;2023-05-02 15:02:05;Krone pink reboot;2023-05-02 15:02:05
7520402;Kỹ thuật hạt nhân;ADP intuitive e-commerce;2023-05-02 15:02:05;Krone pink reboot;2023-05-02 15:02:05
75205;Kỹ thuật địa chất - địa vật lý và trắc địa;ADP intuitive e-commerce;2023-05-02 15:02:05;Krone pink reboot;2023-05-02 15:02:05
7520501;Kỹ thuật địa chất;ADP intuitive e-commerce;2023-05-02 15:02:05;Krone pink reboot;2023-05-02 15:02:05
7520502;Kỹ thuật địa vật lý;ADP intuitive e-commerce;2023-05-02 15:02:05;Krone pink reboot;2023-05-02 15:02:05
7520503;Kỹ thuật trắc địa - bản đồ;ADP intuitive e-commerce;2023-05-02 15:02:05;Krone pink reboot;2023-05-02 15:02:05
75206;Kỹ thuật mỏ;ADP intuitive e-commerce;2023-05-02 15:02:05;Krone pink reboot;2023-05-02 15:02:05
7520601;Kỹ thuật mỏ;ADP intuitive e-commerce;2023-05-02 15:02:05;Krone pink reboot;2023-05-02 15:02:05
7520602;Kỹ thuật thăm dò và khảo sát;ADP intuitive e-commerce;2023-05-02 15:02:05;Krone pink reboot;2023-05-02 15:02:05
7520604;Kỹ thuật dầu khí;ADP intuitive e-commerce;2023-05-02 15:02:05;Krone pink reboot;2023-05-02 15:02:05
7520607;Kỹ thuật tuyển khoáng;ADP intuitive e-commerce;2023-05-02 15:02:05;Krone pink reboot;2023-05-02 15:02:05
75290;Khác;ADP intuitive e-commerce;2023-05-02 15:02:05;Krone pink reboot;2023-05-02 15:02:05
7529001;Kỹ thuật biển;ADP intuitive e-commerce;2023-05-02 15:02:05;Krone pink reboot;2023-05-02 15:02:05
754;Sản xuất và chế biến;ADP intuitive e-commerce;2023-05-02 15:02:05;Krone pink reboot;2023-05-02 15:02:05
75401;Chế biến lương thực - thực phẩm và đồ uống;ADP intuitive e-commerce;2023-05-02 15:02:05;Krone pink reboot;2023-05-02 15:02:05
7540101;Công nghệ thực phẩm;ADP intuitive e-commerce;2023-05-02 15:02:05;Krone pink reboot;2023-05-02 15:02:05
7540102;Kỹ thuật thực phẩm;ADP intuitive e-commerce;2023-05-02 15:02:05;Krone pink reboot;2023-05-02 15:02:05
7540104;Công nghệ sau thu hoạch;ADP intuitive e-commerce;2023-05-02 15:02:05;Krone pink reboot;2023-05-02 15:02:05
7540105;Công nghệ chế biến thuỷ sản;ADP intuitive e-commerce;2023-05-02 15:02:05;Krone pink reboot;2023-05-02 15:02:05
7540106;Đảm bảo chất lượng và an toàn thực phẩm;ADP intuitive e-commerce;2023-05-02 15:02:05;Krone pink reboot;2023-05-02 15:02:05
75402;Sản xuất - chế biến sợi - vải - giày - da;ADP intuitive e-commerce;2023-05-02 15:02:05;Krone pink reboot;2023-05-02 15:02:05
7540202;Công nghệ sợi - dệt;ADP intuitive e-commerce;2023-05-02 15:02:05;Krone pink reboot;2023-05-02 15:02:05
7540203;Công nghệ vật liệu dệt - may;ADP intuitive e-commerce;2023-05-02 15:02:05;Krone pink reboot;2023-05-02 15:02:05
7540204;Công nghệ dệt - may ;ADP intuitive e-commerce;2023-05-02 15:02:05;Krone pink reboot;2023-05-02 15:02:05
7540206;Công nghệ da giày ;ADP intuitive e-commerce;2023-05-02 15:02:05;Krone pink reboot;2023-05-02 15:02:05
75490;Khác;ADP intuitive e-commerce;2023-05-02 15:02:05;Krone pink reboot;2023-05-02 15:02:05
7549001;Công nghệ chế biến lâm sản;ADP intuitive e-commerce;2023-05-02 15:02:05;Krone pink reboot;2023-05-02 15:02:05
758;Kiến trúc và xây dựng;ADP intuitive e-commerce;2023-05-02 15:02:05;Krone pink reboot;2023-05-02 15:02:05
75801;Kiến trúc và quy hoạch;ADP intuitive e-commerce;2023-05-02 15:02:05;Krone pink reboot;2023-05-02 15:02:05
7580101;Kiến trúc;ADP intuitive e-commerce;2023-05-02 15:02:05;Krone pink reboot;2023-05-02 15:02:05
7580102;Kiến trúc cảnh quan;ADP intuitive e-commerce;2023-05-02 15:02:05;Krone pink reboot;2023-05-02 15:02:05
7580103;Kiến trúc nội thất;ADP intuitive e-commerce;2023-05-02 15:02:05;Krone pink reboot;2023-05-02 15:02:05
7580104;Kiến trúc đô thị;ADP intuitive e-commerce;2023-05-02 15:02:05;Krone pink reboot;2023-05-02 15:02:05
7580105;Quy hoạch vùng và đô thị;ADP intuitive e-commerce;2023-05-02 15:02:05;Krone pink reboot;2023-05-02 15:02:05
7580106;Quản lý đô thị và công trình;ADP intuitive e-commerce;2023-05-02 15:02:05;Krone pink reboot;2023-05-02 15:02:05
7580108;Thiết kế nội thất;ADP intuitive e-commerce;2023-05-02 15:02:05;Krone pink reboot;2023-05-02 15:02:05
7580111;Bảo tồn di sản kiến trúc - đô thị;ADP intuitive e-commerce;2023-05-02 15:02:05;Krone pink reboot;2023-05-02 15:02:05
7580112;Đô thị học;ADP intuitive e-commerce;2023-05-02 15:02:05;Krone pink reboot;2023-05-02 15:02:05
75802;Xây dựng;ADP intuitive e-commerce;2023-05-02 15:02:05;Krone pink reboot;2023-05-02 15:02:05
7580201;Kỹ thuật xây dựng;ADP intuitive e-commerce;2023-05-02 15:02:05;Krone pink reboot;2023-05-02 15:02:05
7580202;Kỹ thuật xây dựng công trình thuỷ ;ADP intuitive e-commerce;2023-05-02 15:02:05;Krone pink reboot;2023-05-02 15:02:05
7580203;Kỹ thuật xây dựng công trình biển;ADP intuitive e-commerce;2023-05-02 15:02:05;Krone pink reboot;2023-05-02 15:02:05
7580205;Kỹ thuật xây dựng công trình giao thông;ADP intuitive e-commerce;2023-05-02 15:02:05;Krone pink reboot;2023-05-02 15:02:05
7580210;Kỹ thuật cơ sở hạ tầng;ADP intuitive e-commerce;2023-05-02 15:02:05;Krone pink reboot;2023-05-02 15:02:05
7580211;Địa kỹ thuật xây dựng;ADP intuitive e-commerce;2023-05-02 15:02:05;Krone pink reboot;2023-05-02 15:02:05
7580212;Kỹ thuật tài nguyên nước;ADP intuitive e-commerce;2023-05-02 15:02:05;Krone pink reboot;2023-05-02 15:02:05
7580213;Kỹ thuật cấp thoát nước ;ADP intuitive e-commerce;2023-05-02 15:02:05;Krone pink reboot;2023-05-02 15:02:05
75803;Quản lý xây dựng;ADP intuitive e-commerce;2023-05-02 15:02:05;Krone pink reboot;2023-05-02 15:02:05
7580301;Kinh tế xây dựng;ADP intuitive e-commerce;2023-05-02 15:02:05;Krone pink reboot;2023-05-02 15:02:05
7580302;Quản lý xây dựng;ADP intuitive e-commerce;2023-05-02 15:02:05;Krone pink reboot;2023-05-02 15:02:05
75890;Khác;ADP intuitive e-commerce;2023-05-02 15:02:05;Krone pink reboot;2023-05-02 15:02:05
762;Nông - lâm nghiệp và thuỷ sản;ADP intuitive e-commerce;2023-05-02 15:02:05;Krone pink reboot;2023-05-02 15:02:05
76201;Nông nghiệp;ADP intuitive e-commerce;2023-05-02 15:02:05;Krone pink reboot;2023-05-02 15:02:05
7620101;Nông nghiệp;ADP intuitive e-commerce;2023-05-02 15:02:05;Krone pink reboot;2023-05-02 15:02:05
7620102;Khuyến nông;ADP intuitive e-commerce;2023-05-02 15:02:05;Krone pink reboot;2023-05-02 15:02:05
7620103;Khoa học đất;ADP intuitive e-commerce;2023-05-02 15:02:05;Krone pink reboot;2023-05-02 15:02:05
7620105;Chăn nuôi;ADP intuitive e-commerce;2023-05-02 15:02:05;Krone pink reboot;2023-05-02 15:02:05
7620109;Nông học;ADP intuitive e-commerce;2023-05-02 15:02:05;Krone pink reboot;2023-05-02 15:02:05
7620110;Khoa học cây trồng;ADP intuitive e-commerce;2023-05-02 15:02:05;Krone pink reboot;2023-05-02 15:02:05
7620112;Bảo vệ thực vật;ADP intuitive e-commerce;2023-05-02 15:02:05;Krone pink reboot;2023-05-02 15:02:05
7620113;Công nghệ rau hoa quả và cảnh quan;ADP intuitive e-commerce;2023-05-02 15:02:05;Krone pink reboot;2023-05-02 15:02:05
7620114;Kinh doanh nông nghiệp;ADP intuitive e-commerce;2023-05-02 15:02:05;Krone pink reboot;2023-05-02 15:02:05
7620115;Kinh tế nông nghiệp;ADP intuitive e-commerce;2023-05-02 15:02:05;Krone pink reboot;2023-05-02 15:02:05
7620116;Phát triển nông thôn;ADP intuitive e-commerce;2023-05-02 15:02:05;Krone pink reboot;2023-05-02 15:02:05
76202;Lâm nghiệp;ADP intuitive e-commerce;2023-05-02 15:02:05;Krone pink reboot;2023-05-02 15:02:05
7620201;Lâm học;ADP intuitive e-commerce;2023-05-02 15:02:05;Krone pink reboot;2023-05-02 15:02:05
7620202;Lâm nghiệp đô thị;ADP intuitive e-commerce;2023-05-02 15:02:05;Krone pink reboot;2023-05-02 15:02:05
7620205;Lâm sinh;ADP intuitive e-commerce;2023-05-02 15:02:05;Krone pink reboot;2023-05-02 15:02:05
7620211;Quản lý tài nguyên rừng;ADP intuitive e-commerce;2023-05-02 15:02:05;Krone pink reboot;2023-05-02 15:02:05
76203;Thuỷ sản;ADP intuitive e-commerce;2023-05-02 15:02:05;Krone pink reboot;2023-05-02 15:02:05
7620301;Nuôi trồng thuỷ sản;ADP intuitive e-commerce;2023-05-02 15:02:05;Krone pink reboot;2023-05-02 15:02:05
7620302;Bệnh học thủy sản ;ADP intuitive e-commerce;2023-05-02 15:02:05;Krone pink reboot;2023-05-02 15:02:05
7620303;Khoa học thủy sản;ADP intuitive e-commerce;2023-05-02 15:02:05;Krone pink reboot;2023-05-02 15:02:05
7620304;Khai thác thuỷ sản;ADP intuitive e-commerce;2023-05-02 15:02:05;Krone pink reboot;2023-05-02 15:02:05
7620305;Quản lý thủy sản;ADP intuitive e-commerce;2023-05-02 15:02:05;Krone pink reboot;2023-05-02 15:02:05
76290;Khác;ADP intuitive e-commerce;2023-05-02 15:02:05;Krone pink reboot;2023-05-02 15:02:05
764;Thú y;ADP intuitive e-commerce;2023-05-02 15:02:05;Krone pink reboot;2023-05-02 15:02:05
76401;Thú y;ADP intuitive e-commerce;2023-05-02 15:02:05;Krone pink reboot;2023-05-02 15:02:05
7640101;Thú y;ADP intuitive e-commerce;2023-05-02 15:02:05;Krone pink reboot;2023-05-02 15:02:05
76490;Khác;ADP intuitive e-commerce;2023-05-02 15:02:05;Krone pink reboot;2023-05-02 15:02:05
772;Sức khoẻ;ADP intuitive e-commerce;2023-05-02 15:02:05;Krone pink reboot;2023-05-02 15:02:05
77201;Y học;ADP intuitive e-commerce;2023-05-02 15:02:05;Krone pink reboot;2023-05-02 15:02:05
7720101;Y khoa;ADP intuitive e-commerce;2023-05-02 15:02:05;Krone pink reboot;2023-05-02 15:02:05
7720110;Y học dự phòng;ADP intuitive e-commerce;2023-05-02 15:02:05;Krone pink reboot;2023-05-02 15:02:05
7720115;Y học cổ truyền;ADP intuitive e-commerce;2023-05-02 15:02:05;Krone pink reboot;2023-05-02 15:02:05
77202;Dược học;ADP intuitive e-commerce;2023-05-02 15:02:05;Krone pink reboot;2023-05-02 15:02:05
7720201;Dược học;ADP intuitive e-commerce;2023-05-02 15:02:05;Krone pink reboot;2023-05-02 15:02:05
7720203;Hoá dược;ADP intuitive e-commerce;2023-05-02 15:02:05;Krone pink reboot;2023-05-02 15:02:05
77203;Điều dưỡng - hộ sinh;ADP intuitive e-commerce;2023-05-02 15:02:05;Krone pink reboot;2023-05-02 15:02:05
7720301;Điều dưỡng;ADP intuitive e-commerce;2023-05-02 15:02:05;Krone pink reboot;2023-05-02 15:02:05
7720302;Hộ sinh;ADP intuitive e-commerce;2023-05-02 15:02:05;Krone pink reboot;2023-05-02 15:02:05
77204;Dinh dưỡng;ADP intuitive e-commerce;2023-05-02 15:02:05;Krone pink reboot;2023-05-02 15:02:05
7720401;Dinh dưỡng;ADP intuitive e-commerce;2023-05-02 15:02:05;Krone pink reboot;2023-05-02 15:02:05
77205;Răng - Hàm - Mặt (Nha khoa);ADP intuitive e-commerce;2023-05-02 15:02:05;Krone pink reboot;2023-05-02 15:02:05
7720501;Răng - Hàm - Mặt;ADP intuitive e-commerce;2023-05-02 15:02:05;Krone pink reboot;2023-05-02 15:02:05
7720502;Kỹ thuật phục hình răng;ADP intuitive e-commerce;2023-05-02 15:02:05;Krone pink reboot;2023-05-02 15:02:05
77206;Kỹ thuật Y học;ADP intuitive e-commerce;2023-05-02 15:02:05;Krone pink reboot;2023-05-02 15:02:05
7720601;Kỹ thuật xét nghiệm y học;ADP intuitive e-commerce;2023-05-02 15:02:05;Krone pink reboot;2023-05-02 15:02:05
7720602;Kỹ thuật hình ảnh y học;ADP intuitive e-commerce;2023-05-02 15:02:05;Krone pink reboot;2023-05-02 15:02:05
7720603;Kỹ thuật phục hồi chức năng;ADP intuitive e-commerce;2023-05-02 15:02:05;Krone pink reboot;2023-05-02 15:02:05
77207;Y tế công cộng;ADP intuitive e-commerce;2023-05-02 15:02:05;Krone pink reboot;2023-05-02 15:02:05
7720701;Y tế công cộng;ADP intuitive e-commerce;2023-05-02 15:02:05;Krone pink reboot;2023-05-02 15:02:05
77208;Quản lý Y tế;ADP intuitive e-commerce;2023-05-02 15:02:05;Krone pink reboot;2023-05-02 15:02:05
7720801;Tổ chức và quản lý y tế;ADP intuitive e-commerce;2023-05-02 15:02:05;Krone pink reboot;2023-05-02 15:02:05
7720802;Quản lý bệnh viện;ADP intuitive e-commerce;2023-05-02 15:02:05;Krone pink reboot;2023-05-02 15:02:05
77290;Khác;ADP intuitive e-commerce;2023-05-02 15:02:05;Krone pink reboot;2023-05-02 15:02:05
7729001;Y sinh học thể dục thể thao;ADP intuitive e-commerce;2023-05-02 15:02:05;Krone pink reboot;2023-05-02 15:02:05
776;Dịch vụ xã hội;ADP intuitive e-commerce;2023-05-02 15:02:05;Krone pink reboot;2023-05-02 15:02:05
77601;Công tác xã hội;ADP intuitive e-commerce;2023-05-02 15:02:05;Krone pink reboot;2023-05-02 15:02:05
7760101;Công tác xã hội;ADP intuitive e-commerce;2023-05-02 15:02:05;Krone pink reboot;2023-05-02 15:02:05
7760102;Công tác thanh thiếu niên;ADP intuitive e-commerce;2023-05-02 15:02:05;Krone pink reboot;2023-05-02 15:02:05
8760103;Hỗ trợ giáo dục người khuyết tật;ADP intuitive e-commerce;2023-05-02 15:02:05;Krone pink reboot;2023-05-02 15:02:05
77690;Khác;ADP intuitive e-commerce;2023-05-02 15:02:05;Krone pink reboot;2023-05-02 15:02:05
781;Du lịch - khách sạn - thể thao và dịch vụ cá nhân;ADP intuitive e-commerce;2023-05-02 15:02:05;Krone pink reboot;2023-05-02 15:02:05
78101;Du lịch;ADP intuitive e-commerce;2023-05-02 15:02:05;Krone pink reboot;2023-05-02 15:02:05
7810101;Du lịch;ADP intuitive e-commerce;2023-05-02 15:02:05;Krone pink reboot;2023-05-02 15:02:05
7810103;Quản trị dịch vụ du lịch và lữ hành;ADP intuitive e-commerce;2023-05-02 15:02:05;Krone pink reboot;2023-05-02 15:02:05
78102;Khách sạn - nhà hàng;ADP intuitive e-commerce;2023-05-02 15:02:05;Krone pink reboot;2023-05-02 15:02:05
7810201;Quản trị khách sạn;ADP intuitive e-commerce;2023-05-02 15:02:05;Krone pink reboot;2023-05-02 15:02:05
7810202;Quản trị nhà hàng và dịch vụ ăn uống;ADP intuitive e-commerce;2023-05-02 15:02:05;Krone pink reboot;2023-05-02 15:02:05
78103;Thể dục - thể thao;ADP intuitive e-commerce;2023-05-02 15:02:05;Krone pink reboot;2023-05-02 15:02:05
7810301;Quản lý thể dục thể thao;ADP intuitive e-commerce;2023-05-02 15:02:05;Krone pink reboot;2023-05-02 15:02:05
78105;Kinh tế gia đình;ADP intuitive e-commerce;2023-05-02 15:02:05;Krone pink reboot;2023-05-02 15:02:05
7810501;Kinh tế gia đình;ADP intuitive e-commerce;2023-05-02 15:02:05;Krone pink reboot;2023-05-02 15:02:05
78190;Khác;ADP intuitive e-commerce;2023-05-02 15:02:05;Krone pink reboot;2023-05-02 15:02:05
784;Dịch vụ vận tải;ADP intuitive e-commerce;2023-05-02 15:02:05;Krone pink reboot;2023-05-02 15:02:05
78401;Khai thác vận tải;ADP intuitive e-commerce;2023-05-02 15:02:05;Krone pink reboot;2023-05-02 15:02:05
7840101;Khai thác vận tải;ADP intuitive e-commerce;2023-05-02 15:02:05;Krone pink reboot;2023-05-02 15:02:05
7840102;Quản lý hoạt động bay;ADP intuitive e-commerce;2023-05-02 15:02:05;Krone pink reboot;2023-05-02 15:02:05
7840104;Kinh tế vận tải;ADP intuitive e-commerce;2023-05-02 15:02:05;Krone pink reboot;2023-05-02 15:02:05
7840106;Khoa học hàng hải;ADP intuitive e-commerce;2023-05-02 15:02:05;Krone pink reboot;2023-05-02 15:02:05
78490;Khác;ADP intuitive e-commerce;2023-05-02 15:02:05;Krone pink reboot;2023-05-02 15:02:05
785;Môi trường và bảo vệ môi trường;ADP intuitive e-commerce;2023-05-02 15:02:05;Krone pink reboot;2023-05-02 15:02:05
78501;Quản lý tài nguyên và môi trường;ADP intuitive e-commerce;2023-05-02 15:02:05;Krone pink reboot;2023-05-02 15:02:05
7850101;Quản lý tài nguyên và môi trường;ADP intuitive e-commerce;2023-05-02 15:02:05;Krone pink reboot;2023-05-02 15:02:05
7850102;Kinh tế tài nguyên thiên nhiên;ADP intuitive e-commerce;2023-05-02 15:02:05;Krone pink reboot;2023-05-02 15:02:05
7850103;Quản lý đất đai ;ADP intuitive e-commerce;2023-05-02 15:02:05;Krone pink reboot;2023-05-02 15:02:05
78502;Dịch vụ an toàn lao động và vệ sinh công nghiệp;ADP intuitive e-commerce;2023-05-02 15:02:05;Krone pink reboot;2023-05-02 15:02:05
7850201;Bảo hộ lao động;ADP intuitive e-commerce;2023-05-02 15:02:05;Krone pink reboot;2023-05-02 15:02:05
78590;Khác;ADP intuitive e-commerce;2023-05-02 15:02:05;Krone pink reboot;2023-05-02 15:02:05
786;An ninh - Quốc phòng;ADP intuitive e-commerce;2023-05-02 15:02:05;Krone pink reboot;2023-05-02 15:02:05
78601;An ninh và trật tự xã hội;ADP intuitive e-commerce;2023-05-02 15:02:05;Krone pink reboot;2023-05-02 15:02:05
7860101;Trinh sát an ninh;ADP intuitive e-commerce;2023-05-02 15:02:05;Krone pink reboot;2023-05-02 15:02:05
7860102;Trinh sát cảnh sát;ADP intuitive e-commerce;2023-05-02 15:02:05;Krone pink reboot;2023-05-02 15:02:05
7860104;Điều tra hình sự;ADP intuitive e-commerce;2023-05-02 15:02:05;Krone pink reboot;2023-05-02 15:02:05
7860108;Kỹ thuật hình sự;ADP intuitive e-commerce;2023-05-02 15:02:05;Krone pink reboot;2023-05-02 15:02:05
7860109;Quản lý nhà nước về an ninh trật tự;ADP intuitive e-commerce;2023-05-02 15:02:05;Krone pink reboot;2023-05-02 15:02:05
7860110;Quản lý trật tự an toàn giao thông;ADP intuitive e-commerce;2023-05-02 15:02:05;Krone pink reboot;2023-05-02 15:02:05
7860111;Thi hành án hình sự và hỗ trợ tư pháp;ADP intuitive e-commerce;2023-05-02 15:02:05;Krone pink reboot;2023-05-02 15:02:05
7860112;Tham mưu - chỉ huy công an nhân dân;ADP intuitive e-commerce;2023-05-02 15:02:05;Krone pink reboot;2023-05-02 15:02:05
7860113;Phòng cháy chữa cháy và cứu nạn cứu hộ ;ADP intuitive e-commerce;2023-05-02 15:02:05;Krone pink reboot;2023-05-02 15:02:05
7860116;Hậu cần công an nhân dân;ADP intuitive e-commerce;2023-05-02 15:02:05;Krone pink reboot;2023-05-02 15:02:05
7860117;Tình báo an ninh;ADP intuitive e-commerce;2023-05-02 15:02:05;Krone pink reboot;2023-05-02 15:02:05
78602;Quân sự;ADP intuitive e-commerce;2023-05-02 15:02:05;Krone pink reboot;2023-05-02 15:02:05
7860201;Chỉ huy tham mưu Lục quân;ADP intuitive e-commerce;2023-05-02 15:02:05;Krone pink reboot;2023-05-02 15:02:05
7860202;Chỉ huy tham mưu Hải quân;ADP intuitive e-commerce;2023-05-02 15:02:05;Krone pink reboot;2023-05-02 15:02:05
7860203;Chỉ huy tham mưu Không quân;ADP intuitive e-commerce;2023-05-02 15:02:05;Krone pink reboot;2023-05-02 15:02:05
7860204;Chỉ huy tham mưu Phòng không;ADP intuitive e-commerce;2023-05-02 15:02:05;Krone pink reboot;2023-05-02 15:02:05
7860205;Chỉ huy tham mưu Pháo binh;ADP intuitive e-commerce;2023-05-02 15:02:05;Krone pink reboot;2023-05-02 15:02:05
7860206;Chỉ huy tham mưu Tăng - thiết giáp;ADP intuitive e-commerce;2023-05-02 15:02:05;Krone pink reboot;2023-05-02 15:02:05
7860207;Chỉ huy tham mưu Đặc công;ADP intuitive e-commerce;2023-05-02 15:02:05;Krone pink reboot;2023-05-02 15:02:05
7860214;Biên phòng;ADP intuitive e-commerce;2023-05-02 15:02:05;Krone pink reboot;2023-05-02 15:02:05
7860217;Tình báo quân sự;ADP intuitive e-commerce;2023-05-02 15:02:05;Krone pink reboot;2023-05-02 15:02:05
7860218;Hậu cần quân sự;ADP intuitive e-commerce;2023-05-02 15:02:05;Krone pink reboot;2023-05-02 15:02:05
7860220;Chỉ huy tham mưu thông tin;ADP intuitive e-commerce;2023-05-02 15:02:05;Krone pink reboot;2023-05-02 15:02:05
7860222;Quân sự cơ sở;ADP intuitive e-commerce;2023-05-02 15:02:05;Krone pink reboot;2023-05-02 15:02:05
7860223;Chỉ huy - quản lý kỹ thuật ;ADP intuitive e-commerce;2023-05-02 15:02:05;Krone pink reboot;2023-05-02 15:02:05
7860226;Chỉ huy kỹ thuật Phòng không;ADP intuitive e-commerce;2023-05-02 15:02:05;Krone pink reboot;2023-05-02 15:02:05
7860227;Chỉ huy kỹ thuật Tăng - thiết giáp;ADP intuitive e-commerce;2023-05-02 15:02:05;Krone pink reboot;2023-05-02 15:02:05
7860228;Chỉ huy kỹ thuật Công binh;ADP intuitive e-commerce;2023-05-02 15:02:05;Krone pink reboot;2023-05-02 15:02:05
7860229;Chỉ huy kỹ thuật Hoá học;ADP intuitive e-commerce;2023-05-02 15:02:05;Krone pink reboot;2023-05-02 15:02:05
7860231;Trinh sát kỹ thuật;ADP intuitive e-commerce;2023-05-02 15:02:05;Krone pink reboot;2023-05-02 15:02:05
7860232;Chỉ huy kỹ thuật Hải quân;ADP intuitive e-commerce;2023-05-02 15:02:05;Krone pink reboot;2023-05-02 15:02:05
7860233;Chỉ huy kỹ thuật tác chiến điện tử;ADP intuitive e-commerce;2023-05-02 15:02:05;Krone pink reboot;2023-05-02 15:02:05
78690;Khác;ADP intuitive e-commerce;2023-05-02 15:02:05;Krone pink reboot;2023-05-02 15:02:05
790;Khác;ADP intuitive e-commerce;2023-05-02 15:02:05;Krone pink reboot;2023-05-02 15:02:05
